Product_ID,Image_URL
B0DJK7NW1J,https://images.pexels.com/photos/265144/pexels-photo-265144.jpeg
B0BS4BP8FB,https://images.pexels.com/photos/29249664/pexels-photo-29249664.jpeg
B0DKDY78K3,https://images.pexels.com/photos/9263102/pexels-photo-9263102.jpeg
B0CPL25J3W,https://images.pexels.com/photos/11129922/pexels-photo-11129922.jpeg
B0947BJ67M,https://images.pexels.com/photos/1181449/pexels-photo-1181449.jpeg
B0B2D77YB8,https://images.pexels.com/photos/13736497/pexels-photo-13736497.jpeg
B0DK9HYLFP,https://images.pexels.com/photos/10655906/pexels-photo-10655906.jpeg
B0DHXKL1BF,https://images.pexels.com/photos/20432893/pexels-photo-20432893.jpeg
B09YRY6QCX,https://images.pexels.com/photos/5942722/pexels-photo-5942722.jpeg
B0DFLHNVKM,https://images.pexels.com/photos/5942722/pexels-photo-5942722.jpeg
B0CZKPF2QH,https://images.pexels.com/photos/1181449/pexels-photo-1181449.jpeg
B0C3RNRB8W,https://images.pexels.com/photos/15940010/pexels-photo-15940010.jpeg
B0CBJ46QZX,https://images.pexels.com/photos/9263102/pexels-photo-9263102.jpeg
B0D9K758B1,https://images.pexels.com/photos/5793947/pexels-photo-5793947.jpeg
B0BZ8X9HGT,https://images.pexels.com/photos/6611936/pexels-photo-6611936.jpeg
B0CLHCWNV8,https://images.pexels.com/photos/11129922/pexels-photo-11129922.jpeg
B0DKDV6QS6,https://images.pexels.com/photos/6001241/pexels-photo-6001241.jpeg
B0CMRGBXM9,https://images.pexels.com/photos/19935029/pexels-photo-19935029.jpeg
B0CV5ZSR17,https://images.pexels.com/photos/3747070/pexels-photo-3747070.jpeg
B0D262TPSM,https://images.pexels.com/photos/5942722/pexels-photo-5942722.jpeg
B0CT4HX4T9,https://images.pexels.com/photos/8250997/pexels-photo-8250997.jpeg
B003O2RXUQ,https://images.pexels.com/photos/368888/pexels-photo-368888.jpeg
B00D3OR58A,https://images.pexels.com/photos/12039670/pexels-photo-12039670.jpeg
B00P9U2EM8,https://images.pexels.com/photos/4925628/pexels-photo-4925628.jpeg
B01DN8TCEU,https://images.pexels.com/photos/3650937/pexels-photo-3650937.jpeg
B07L4JCG7T,https://images.pexels.com/photos/15422314/pexels-photo-15422314.jpeg
B07YLTJHH4,https://images.pexels.com/photos/5712509/pexels-photo-5712509.jpeg
B0BWYLWWC1,https://images.pexels.com/photos/159682/spring-notebook-book-perspective-159682.jpeg
B0B4DKQSDV,https://images.pexels.com/photos/15422314/pexels-photo-15422314.jpeg
8883701127,https://images.pexels.com/photos/5861186/pexels-photo-5861186.jpeg
B08NYRMWZ8,https://images.pexels.com/photos/159682/spring-notebook-book-perspective-159682.jpeg
B0CWS3YSVG,https://images.pexels.com/photos/3650937/pexels-photo-3650937.jpeg
B0CBG7WRWK,https://images.pexels.com/photos/574283/pexels-photo-574283.jpeg
B0028N6PSS,https://images.pexels.com/photos/5861186/pexels-photo-5861186.jpeg
B0CZ6PW951,https://images.pexels.com/photos/8729352/pexels-photo-8729352.jpeg
B07WFVVCLX,https://images.pexels.com/photos/4219040/pexels-photo-4219040.jpeg
B07DPLK7RL,https://images.pexels.com/photos/574283/pexels-photo-574283.jpeg
B0B7DQ3R84,https://images.pexels.com/photos/8250997/pexels-photo-8250997.jpeg
B08VF9B772,https://images.pexels.com/photos/8099385/pexels-photo-8099385.jpeg
B0CLVBLNQC,https://images.pexels.com/photos/12561283/pexels-photo-12561283.jpeg
B0CX1RDX77,https://images.pexels.com/photos/5861185/pexels-photo-5861185.jpeg
B01E3UIR02,https://images.pexels.com/photos/4925628/pexels-photo-4925628.jpeg
B0CWS28VK1,https://images.pexels.com/photos/8099385/pexels-photo-8099385.jpeg
B00TES8E7U,https://images.pexels.com/photos/7034647/pexels-photo-7034647.jpeg
B09NS6VP4W,https://images.pexels.com/photos/12039670/pexels-photo-12039670.jpeg
B07CFN85RS,https://images.pexels.com/photos/3650937/pexels-photo-3650937.jpeg
B08ZDNBX2P,https://images.pexels.com/photos/8250997/pexels-photo-8250997.jpeg
B0D5DFGNXZ,https://images.pexels.com/photos/15422314/pexels-photo-15422314.jpeg
8883707168,https://images.pexels.com/photos/627530/pexels-photo-627530.jpeg
B09FG45HFT,https://images.pexels.com/photos/8099385/pexels-photo-8099385.jpeg
B096WJ89YR,https://images.pexels.com/photos/9291615/pexels-photo-9291615.jpeg
B09BBGMLK2,https://images.pexels.com/photos/8947463/pexels-photo-8947463.jpeg
B079ZT467D,https://images.pexels.com/photos/15422314/pexels-photo-15422314.jpeg
B0C2H791FH,https://images.pexels.com/photos/273034/pexels-photo-273034.jpeg
B0D2WKR2S8,https://images.pexels.com/photos/4143556/pexels-photo-4143556.jpeg
B018R4I7A0,https://images.pexels.com/photos/5861186/pexels-photo-5861186.jpeg
B0C2PW1Z2B,https://images.pexels.com/photos/159865/notepad-pencil-green-black-159865.jpeg
B07RTZY71C,https://images.pexels.com/photos/27608025/pexels-photo-27608025.jpeg
B0C21BWVTT,https://images.pexels.com/photos/159682/spring-notebook-book-perspective-159682.jpeg
B000Q67J66,https://images.pexels.com/photos/8263072/pexels-photo-8263072.jpeg
B0091GBD00,https://images.pexels.com/photos/159682/spring-notebook-book-perspective-159682.jpeg
B0B975R4VK,https://images.pexels.com/photos/5712509/pexels-photo-5712509.jpeg
B08Q7WHXC3,https://images.pexels.com/photos/27608025/pexels-photo-27608025.jpeg
B07145M2T4,https://images.pexels.com/photos/8250997/pexels-photo-8250997.jpeg
B0CPHRF7WW,https://images.pexels.com/photos/4143556/pexels-photo-4143556.jpeg
B00I6XY068,https://images.pexels.com/photos/35972719/pexels-photo-35972719.jpeg
B0D7GVVRRM,https://images.pexels.com/photos/7439131/pexels-photo-7439131.jpeg
B0C5JCJ8JZ,https://images.pexels.com/photos/3650937/pexels-photo-3650937.jpeg
B0DJSYVYDX,https://images.pexels.com/photos/8532766/pexels-photo-8532766.jpeg
B0CRDCXRK2,https://images.pexels.com/photos/10655906/pexels-photo-10655906.jpeg
B0DKJM6L2L,https://images.pexels.com/photos/11129922/pexels-photo-11129922.jpeg
B0DFLKH5FK,https://images.pexels.com/photos/265144/pexels-photo-265144.jpeg
B0DFB87RLW,https://images.pexels.com/photos/20432893/pexels-photo-20432893.jpeg
B0DJT5KFGY,https://images.pexels.com/photos/7241679/pexels-photo-7241679.jpeg
B0D845LL5R,https://images.pexels.com/photos/3747070/pexels-photo-3747070.jpeg
B0CXY573W9,https://images.pexels.com/photos/265144/pexels-photo-265144.jpeg
B0CX27GY7N,https://images.pexels.com/photos/5793947/pexels-photo-5793947.jpeg
B0CP8D4SM2,https://images.pexels.com/photos/6372819/pexels-photo-6372819.jpeg
B0DDW3GQ1C,https://images.pexels.com/photos/19935029/pexels-photo-19935029.jpeg
B0DHC8NZND,https://images.pexels.com/photos/5474290/pexels-photo-5474290.jpeg
B0D33T6F9C,https://images.pexels.com/photos/15399855/pexels-photo-15399855.jpeg
B0D9LL87F4,https://images.pexels.com/photos/11129922/pexels-photo-11129922.jpeg
B0DF2GQ7WF,https://images.pexels.com/photos/7241679/pexels-photo-7241679.jpeg
B0DFH33VKD,https://images.pexels.com/photos/13736497/pexels-photo-13736497.jpeg
B0CWJZ8HRZ,https://images.pexels.com/photos/9263102/pexels-photo-9263102.jpeg
B0CBD1MPPQ,https://images.pexels.com/photos/8762862/pexels-photo-8762862.jpeg
B0C4YKD321,https://images.pexels.com/photos/5474290/pexels-photo-5474290.jpeg
B0CQ3RRS23,https://images.pexels.com/photos/5474290/pexels-photo-5474290.jpeg
B0BTQWR77M,https://images.pexels.com/photos/5474290/pexels-photo-5474290.jpeg
B0CWJ642YM,https://images.pexels.com/photos/6611936/pexels-photo-6611936.jpeg
B0CBD3P8LJ,https://images.pexels.com/photos/18134314/pexels-photo-18134314.jpeg
B0C8HZQK89,https://images.pexels.com/photos/13736497/pexels-photo-13736497.jpeg
B0CG2PZR8R,https://images.pexels.com/photos/8532766/pexels-photo-8532766.jpeg
B07YNK3H6P,https://images.pexels.com/photos/11129922/pexels-photo-11129922.jpeg
B093TK1PXF,https://images.pexels.com/photos/13736497/pexels-photo-13736497.jpeg
B09TPTNZLG,https://images.pexels.com/photos/29249664/pexels-photo-29249664.jpeg
B0D3GWGB66,https://images.pexels.com/photos/20432893/pexels-photo-20432893.jpeg
B0C4P29ZXH,https://images.pexels.com/photos/13736497/pexels-photo-13736497.jpeg
B0CKW2H77V,https://images.pexels.com/photos/15399855/pexels-photo-15399855.jpeg
B0CNDX49H6,https://images.pexels.com/photos/6372819/pexels-photo-6372819.jpeg
B0CFSBT85B,https://images.pexels.com/photos/5793947/pexels-photo-5793947.jpeg
B0D9NKTJYM,https://images.pexels.com/photos/5793947/pexels-photo-5793947.jpeg
B08CZT64VP,https://images.pexels.com/photos/5009160/pexels-photo-5009160.jpeg
B0DF8ZVVH2,https://images.pexels.com/photos/18134314/pexels-photo-18134314.jpeg
B0CM5KC8X7,https://images.pexels.com/photos/11129922/pexels-photo-11129922.jpeg
B0BSHF7LLL,https://images.pexels.com/photos/20432893/pexels-photo-20432893.jpeg
B0DLHJYRND,https://images.pexels.com/photos/5793947/pexels-photo-5793947.jpeg
B08N5M7S6K,https://images.pexels.com/photos/6893890/pexels-photo-6893890.jpeg
B09VTNKJWS,https://images.pexels.com/photos/4219040/pexels-photo-4219040.jpeg
B082MRK1DB,https://images.pexels.com/photos/5009160/pexels-photo-5009160.jpeg
B0CP8H9PGR,https://images.pexels.com/photos/15940010/pexels-photo-15940010.jpeg
B0DHVRD4H3,https://images.pexels.com/photos/13736497/pexels-photo-13736497.jpeg
B0DJLL26QB,https://images.pexels.com/photos/9263102/pexels-photo-9263102.jpeg
B0C762Y69D,https://images.pexels.com/photos/10655906/pexels-photo-10655906.jpeg
B0DJWLG4QN,https://images.pexels.com/photos/7151698/pexels-photo-7151698.jpeg
B09JQQM86S,https://images.pexels.com/photos/1383379/pexels-photo-1383379.jpeg
B0CPN4WL82,https://images.pexels.com/photos/35972719/pexels-photo-35972719.jpeg
B0D33NC672,https://images.pexels.com/photos/8532766/pexels-photo-8532766.jpeg
B0CJS1399P,https://images.pexels.com/photos/11129922/pexels-photo-11129922.jpeg
B0DCLJ9V2B,https://images.pexels.com/photos/15940010/pexels-photo-15940010.jpeg
B09SVSBVP1,https://images.pexels.com/photos/8569471/pexels-photo-8569471.jpeg
B0DJNCG9LV,https://images.pexels.com/photos/8532766/pexels-photo-8532766.jpeg
B08SHN3TZP,https://images.pexels.com/photos/11129922/pexels-photo-11129922.jpeg
B0BK2Z5QGC,https://images.pexels.com/photos/3747070/pexels-photo-3747070.jpeg
B0CRD2YLLC,https://images.pexels.com/photos/8569471/pexels-photo-8569471.jpeg
B0CLNKRXJG,https://images.pexels.com/photos/11129922/pexels-photo-11129922.jpeg
B0BSJ46KY9,https://images.pexels.com/photos/15940010/pexels-photo-15940010.jpeg
B0C7MR5RDH,https://images.pexels.com/photos/1604025/pexels-photo-1604025.jpeg
B0C3VR5FR5,https://images.pexels.com/photos/9263102/pexels-photo-9263102.jpeg
B0D7SK7H8N,https://images.pexels.com/photos/1181449/pexels-photo-1181449.jpeg
B0DFV8J3P5,https://images.pexels.com/photos/15399855/pexels-photo-15399855.jpeg
B07N9JMSW6,https://images.pexels.com/photos/5474290/pexels-photo-5474290.jpeg
B08BRCT4JH,https://images.pexels.com/photos/5793947/pexels-photo-5793947.jpeg
B08M94BTYC,https://images.pexels.com/photos/15940010/pexels-photo-15940010.jpeg
B0BTSFVMLV,https://images.pexels.com/photos/3747070/pexels-photo-3747070.jpeg
B00NNMB3KS,https://images.pexels.com/photos/7241679/pexels-photo-7241679.jpeg
B0BBLXRGQC,https://images.pexels.com/photos/1604025/pexels-photo-1604025.jpeg
B07W7SZJ25,https://images.pexels.com/photos/9263102/pexels-photo-9263102.jpeg
B07W1L7TCF,https://images.pexels.com/photos/15940010/pexels-photo-15940010.jpeg
B00DUGZFWY,https://images.pexels.com/photos/7241679/pexels-photo-7241679.jpeg
B074473Z6T,https://images.pexels.com/photos/6893890/pexels-photo-6893890.jpeg
B09KSX7TLH,https://images.pexels.com/photos/6893890/pexels-photo-6893890.jpeg
B015NBTAOW,https://images.pexels.com/photos/7241679/pexels-photo-7241679.jpeg
B0BJZ2PFCV,https://images.pexels.com/photos/10655906/pexels-photo-10655906.jpeg
B08NWTS1YY,https://images.pexels.com/photos/6611936/pexels-photo-6611936.jpeg
B0C7BKZ883,https://images.pexels.com/photos/1181449/pexels-photo-1181449.jpeg
B078W4XP77,https://images.pexels.com/photos/6893890/pexels-photo-6893890.jpeg
B005G2YP6M,https://images.pexels.com/photos/3747070/pexels-photo-3747070.jpeg
B0B9KRR97K,https://images.pexels.com/photos/15399855/pexels-photo-15399855.jpeg
B06XZTZ7GB,https://images.pexels.com/photos/8532766/pexels-photo-8532766.jpeg
B0CZ9FRJ7G,https://images.pexels.com/photos/7241679/pexels-photo-7241679.jpeg
B085Q2NMPT,https://images.pexels.com/photos/265144/pexels-photo-265144.jpeg
B0BWF6ZQVT,https://images.pexels.com/photos/11129922/pexels-photo-11129922.jpeg
B07V4R4Z77,https://images.pexels.com/photos/5942722/pexels-photo-5942722.jpeg
B07F2YJRN2,https://images.pexels.com/photos/15399855/pexels-photo-15399855.jpeg
B0DDK88FR7,https://images.pexels.com/photos/1604025/pexels-photo-1604025.jpeg
B09MQWWP87,https://images.pexels.com/photos/6001241/pexels-photo-6001241.jpeg
B0BS9G1MQ3,https://images.pexels.com/photos/6372819/pexels-photo-6372819.jpeg
B0CBZ2B9DB,https://images.pexels.com/photos/5474290/pexels-photo-5474290.jpeg
B0BYS7VHMN,https://images.pexels.com/photos/7241679/pexels-photo-7241679.jpeg
B001HQ9A7A,https://images.pexels.com/photos/8532766/pexels-photo-8532766.jpeg
B0B7N9SPJY,https://images.pexels.com/photos/6372819/pexels-photo-6372819.jpeg
B0BPX6DNRG,https://images.pexels.com/photos/20432893/pexels-photo-20432893.jpeg
B0BGCGLQXJ,https://images.pexels.com/photos/6001241/pexels-photo-6001241.jpeg
B0CN9TLR5K,https://images.pexels.com/photos/1604025/pexels-photo-1604025.jpeg
B0CS2M95TS,https://images.pexels.com/photos/1181449/pexels-photo-1181449.jpeg
B09Y3J6FGT,https://images.pexels.com/photos/13736497/pexels-photo-13736497.jpeg
B07CXJNH2S,https://images.pexels.com/photos/6893890/pexels-photo-6893890.jpeg
B092PZ7TTL,https://images.pexels.com/photos/19935029/pexels-photo-19935029.jpeg
B0BWR785F8,https://images.pexels.com/photos/19935029/pexels-photo-19935029.jpeg
B09QPKCGWL,https://images.pexels.com/photos/1604025/pexels-photo-1604025.jpeg
B075Y6Y9H5,https://images.pexels.com/photos/1604025/pexels-photo-1604025.jpeg
B075Y73SDV,https://images.pexels.com/photos/1604025/pexels-photo-1604025.jpeg
B0CLGXK7MR,https://images.pexels.com/photos/1181449/pexels-photo-1181449.jpeg
B08CS1F4F1,https://images.pexels.com/photos/7241679/pexels-photo-7241679.jpeg
B0BP7RLGDC,https://images.pexels.com/photos/5474290/pexels-photo-5474290.jpeg
B0CPPFZGXN,https://images.pexels.com/photos/8532766/pexels-photo-8532766.jpeg
B098QQQ36B,https://images.pexels.com/photos/5793947/pexels-photo-5793947.jpeg
B09J19C59Y,https://images.pexels.com/photos/29249664/pexels-photo-29249664.jpeg
B09NM28SB4,https://images.pexels.com/photos/1604025/pexels-photo-1604025.jpeg
B0BRKGYMV1,https://images.pexels.com/photos/13736497/pexels-photo-13736497.jpeg
B0C2CGBSZT,https://images.pexels.com/photos/19935029/pexels-photo-19935029.jpeg
B08ZSMMPBD,https://images.pexels.com/photos/8532766/pexels-photo-8532766.jpeg
B0B4SBR4RN,https://images.pexels.com/photos/1604025/pexels-photo-1604025.jpeg
B0B1HJ666G,https://images.pexels.com/photos/9784245/pexels-photo-9784245.jpeg
B0BY7SYPQD,https://images.pexels.com/photos/19935029/pexels-photo-19935029.jpeg
B09688VRYZ,https://images.pexels.com/photos/1604025/pexels-photo-1604025.jpeg
B093V1XBJS,https://images.pexels.com/photos/11129922/pexels-photo-11129922.jpeg
B0C58N5J9Q,https://images.pexels.com/photos/17489840/pexels-photo-17489840.jpeg
B09GHV6G55,https://images.pexels.com/photos/8569471/pexels-photo-8569471.jpeg
B082X6TSZX,https://images.pexels.com/photos/6611936/pexels-photo-6611936.jpeg
B09SFR4FDR,https://images.pexels.com/photos/6001241/pexels-photo-6001241.jpeg
B08X4M4LBR,https://images.pexels.com/photos/13736497/pexels-photo-13736497.jpeg
B088T52KZD,https://images.pexels.com/photos/11129922/pexels-photo-11129922.jpeg
B0B24523S2,https://images.pexels.com/photos/3747070/pexels-photo-3747070.jpeg
B0BLRJ4R8F,https://images.pexels.com/photos/1181449/pexels-photo-1181449.jpeg
B09PYPPD9L,https://images.pexels.com/photos/13736497/pexels-photo-13736497.jpeg
B0B1L6R9NN,https://images.pexels.com/photos/8569471/pexels-photo-8569471.jpeg
B07GFF82DP,https://images.pexels.com/photos/6001241/pexels-photo-6001241.jpeg
B00LSU4QD8,https://images.pexels.com/photos/20432893/pexels-photo-20432893.jpeg
B0B1LH9RDT,https://images.pexels.com/photos/8569471/pexels-photo-8569471.jpeg
B09Y8B81F7,https://images.pexels.com/photos/8569471/pexels-photo-8569471.jpeg
B0B6V32P8V,https://images.pexels.com/photos/1181449/pexels-photo-1181449.jpeg
B0CBDDL51W,https://images.pexels.com/photos/5474290/pexels-photo-5474290.jpeg
B08G84P8ZX,https://images.pexels.com/photos/6372819/pexels-photo-6372819.jpeg
B08B13JGN4,https://images.pexels.com/photos/8569471/pexels-photo-8569471.jpeg
B0BT9L688F,https://images.pexels.com/photos/29249664/pexels-photo-29249664.jpeg
B0BT9MG6VT,https://images.pexels.com/photos/3747070/pexels-photo-3747070.jpeg
B08TBG3SPW,https://images.pexels.com/photos/1604025/pexels-photo-1604025.jpeg
B07D74DT3B,https://images.pexels.com/photos/13736497/pexels-photo-13736497.jpeg
B07MJKH8XW,https://images.pexels.com/photos/1181449/pexels-photo-1181449.jpeg
B0CC936WF1,https://images.pexels.com/photos/3747070/pexels-photo-3747070.jpeg
B0BRT67MWZ,https://images.pexels.com/photos/8532766/pexels-photo-8532766.jpeg
B0B338HW3T,https://images.pexels.com/photos/11129922/pexels-photo-11129922.jpeg
B09GYN91J9,https://images.pexels.com/photos/6001241/pexels-photo-6001241.jpeg
B0CTKKHKR3,https://images.pexels.com/photos/7241679/pexels-photo-7241679.jpeg
B0BPHQFLZX,https://images.pexels.com/photos/29249664/pexels-photo-29249664.jpeg
B0D273XDFY,https://images.pexels.com/photos/6611936/pexels-photo-6611936.jpeg
B0D951M4F8,https://images.pexels.com/photos/13736497/pexels-photo-13736497.jpeg
B0DBHMYX5T,https://images.pexels.com/photos/6001241/pexels-photo-6001241.jpeg
B0CGL5PWX3,https://images.pexels.com/photos/6372819/pexels-photo-6372819.jpeg
B0C1TVRDXX,https://images.pexels.com/photos/13736497/pexels-photo-13736497.jpeg
B0CB6WK5VD,https://images.pexels.com/photos/11129922/pexels-photo-11129922.jpeg
B09WXZV2T2,https://images.pexels.com/photos/1181449/pexels-photo-1181449.jpeg
B0CZ59B6MH,https://images.pexels.com/photos/1604025/pexels-photo-1604025.jpeg
B0DFBQDQJK,https://images.pexels.com/photos/5474290/pexels-photo-5474290.jpeg
B0C6NC4KRT,https://images.pexels.com/photos/5474290/pexels-photo-5474290.jpeg
B0CPGKT77T,https://images.pexels.com/photos/20432893/pexels-photo-20432893.jpeg
B0CZL2SLCJ,https://images.pexels.com/photos/6001241/pexels-photo-6001241.jpeg
B0CKTZVB17,https://images.pexels.com/photos/8569471/pexels-photo-8569471.jpeg
B0C4G4L53W,https://images.pexels.com/photos/10655906/pexels-photo-10655906.jpeg
B0CVNH95DX,https://images.pexels.com/photos/19935029/pexels-photo-19935029.jpeg
B0D4RH881B,https://images.pexels.com/photos/10655906/pexels-photo-10655906.jpeg
B0DBZ6Z71D,https://images.pexels.com/photos/265144/pexels-photo-265144.jpeg
B0D6B6SG4M,https://images.pexels.com/photos/3747070/pexels-photo-3747070.jpeg
B0DBV3N2VN,https://images.pexels.com/photos/8532766/pexels-photo-8532766.jpeg
B0C78KWS3Y,https://images.pexels.com/photos/7439131/pexels-photo-7439131.jpeg
B0DBH1WWDX,https://images.pexels.com/photos/11129922/pexels-photo-11129922.jpeg
B0CDQTSSTR,https://images.pexels.com/photos/8532766/pexels-photo-8532766.jpeg
B08F93HGNB,https://images.pexels.com/photos/15940010/pexels-photo-15940010.jpeg
B0DCL89JW5,https://images.pexels.com/photos/20510008/pexels-photo-20510008.jpeg
B0CF27XTKM,https://images.pexels.com/photos/9263102/pexels-photo-9263102.jpeg
B0DG4K6ZRY,https://images.pexels.com/photos/20432893/pexels-photo-20432893.jpeg
B0DCW8S2LY,https://images.pexels.com/photos/6001241/pexels-photo-6001241.jpeg
B08B6F1NNR,https://images.pexels.com/photos/20432893/pexels-photo-20432893.jpeg
B0CV3CDRNG,https://images.pexels.com/photos/6372819/pexels-photo-6372819.jpeg
B0CK986D7R,https://images.pexels.com/photos/20432893/pexels-photo-20432893.jpeg
B0CTBMMSY7,https://images.pexels.com/photos/19935029/pexels-photo-19935029.jpeg
B0BDGB49KW,https://images.pexels.com/photos/7241679/pexels-photo-7241679.jpeg
B0DK4C78GL,https://images.pexels.com/photos/8532766/pexels-photo-8532766.jpeg
B0CNPFGPD5,https://images.pexels.com/photos/13736497/pexels-photo-13736497.jpeg
B0BYBKZ7XD,https://images.pexels.com/photos/6893890/pexels-photo-6893890.jpeg
B0BLW25MB7,https://images.pexels.com/photos/1604025/pexels-photo-1604025.jpeg
B0CWJB9ZC6,https://images.pexels.com/photos/6893890/pexels-photo-6893890.jpeg
B0CRD6PJDF,https://images.pexels.com/photos/6001241/pexels-photo-6001241.jpeg
B0CWHYV27D,https://images.pexels.com/photos/11129922/pexels-photo-11129922.jpeg
B0D25TXLLV,https://images.pexels.com/photos/1604025/pexels-photo-1604025.jpeg
B0CRDF25TQ,https://images.pexels.com/photos/265144/pexels-photo-265144.jpeg
B0CRD9TV9V,https://images.pexels.com/photos/6372819/pexels-photo-6372819.jpeg
B0CRDCW3Q3,https://images.pexels.com/photos/6372819/pexels-photo-6372819.jpeg
B0BT6NKLQR,https://images.pexels.com/photos/8569471/pexels-photo-8569471.jpeg
B0CVZ9R2L9,https://images.pexels.com/photos/5942722/pexels-photo-5942722.jpeg
B08D92T45H,https://images.pexels.com/photos/3747070/pexels-photo-3747070.jpeg
B08NCWJ4LC,https://images.pexels.com/photos/7172701/pexels-photo-7172701.jpeg
B0D4TH1GS5,https://images.pexels.com/photos/8532766/pexels-photo-8532766.jpeg
B0D3HRQ3WJ,https://images.pexels.com/photos/6611936/pexels-photo-6611936.jpeg
B0DJH9WBLW,https://images.pexels.com/photos/10655906/pexels-photo-10655906.jpeg
B0BXLY538Z,https://images.pexels.com/photos/265144/pexels-photo-265144.jpeg
B0BL86VM7F,https://images.pexels.com/photos/19935029/pexels-photo-19935029.jpeg
B09XY1R1DR,https://images.pexels.com/photos/29249664/pexels-photo-29249664.jpeg
B0DJXR6CS2,https://images.pexels.com/photos/7241679/pexels-photo-7241679.jpeg
B0CCY66XNS,https://images.pexels.com/photos/11129922/pexels-photo-11129922.jpeg
B0D97ZC61Y,https://images.pexels.com/photos/8569471/pexels-photo-8569471.jpeg
B0CZHHL8PV,https://images.pexels.com/photos/15399855/pexels-photo-15399855.jpeg
B0CBSZ9CCT,https://images.pexels.com/photos/7241679/pexels-photo-7241679.jpeg
B0DCJFGW9R,https://images.pexels.com/photos/8569471/pexels-photo-8569471.jpeg
B0DLHBN3G3,https://images.pexels.com/photos/15399855/pexels-photo-15399855.jpeg
B0DLHTNHZJ,https://images.pexels.com/photos/6893890/pexels-photo-6893890.jpeg
B0CHHMH36M,https://images.pexels.com/photos/265144/pexels-photo-265144.jpeg
B09G9FPHY6,https://images.pexels.com/photos/25809251/pexels-photo-25809251.jpeg
B0BSHDVBXZ,https://images.pexels.com/photos/6611936/pexels-photo-6611936.jpeg
B0DFF7W3SQ,https://images.pexels.com/photos/3747513/pexels-photo-3747513.jpeg
B09JQWSQK7,https://images.pexels.com/photos/4219040/pexels-photo-4219040.jpeg
B0DF8CQ6HF,https://images.pexels.com/photos/8263076/pexels-photo-8263076.jpeg
B0BKW3LB2B,https://images.pexels.com/photos/28842075/pexels-photo-28842075.jpeg
B0BF64DN6H,https://images.pexels.com/photos/5152261/pexels-photo-5152261.jpeg
B0CCZWCPRQ,https://images.pexels.com/photos/32755764/pexels-photo-32755764.jpeg
B07WJ5D3H4,https://images.pexels.com/photos/17350368/pexels-photo-17350368.jpeg
B0CWDXTLMY,https://images.pexels.com/photos/15372897/pexels-photo-15372897.jpeg
B0D3CZYCH2,https://images.pexels.com/photos/9263102/pexels-photo-9263102.jpeg
B0B16HXVVQ,https://images.pexels.com/photos/17350368/pexels-photo-17350368.jpeg
B0BXNGJ2LD,https://images.pexels.com/photos/4792732/pexels-photo-4792732.jpeg
B0CP6BR96G,https://images.pexels.com/photos/4792732/pexels-photo-4792732.jpeg
B0CDFMW94G,https://images.pexels.com/photos/1604025/pexels-photo-1604025.jpeg
B00NLZUM36,https://images.pexels.com/photos/5805490/pexels-photo-5805490.jpeg
B00B7GV802,https://images.pexels.com/photos/4792732/pexels-photo-4792732.jpeg
B07D34L57F,https://images.pexels.com/photos/29249664/pexels-photo-29249664.jpeg
B098LG3N6R,https://images.pexels.com/photos/5793947/pexels-photo-5793947.jpeg
B0CQ2MSP2B,https://images.pexels.com/photos/15372897/pexels-photo-15372897.jpeg
B09DKQWTNC,https://images.pexels.com/photos/4792720/pexels-photo-4792720.jpeg
B0CF3VGQFL,https://images.pexels.com/photos/34877295/pexels-photo-34877295.jpeg
B09TR4Y91J,https://images.pexels.com/photos/32532386/pexels-photo-32532386.jpeg
B0CLLHSWRL,https://images.pexels.com/photos/12902994/pexels-photo-12902994.jpeg
B0D14N2QZF,https://images.pexels.com/photos/5805490/pexels-photo-5805490.jpeg
B0CWDXVVRJ,https://images.pexels.com/photos/7915219/pexels-photo-7915219.jpeg
B0C9ZJHQHM,https://images.pexels.com/photos/34877295/pexels-photo-34877295.jpeg
B0CNP1BG1W,https://images.pexels.com/photos/6804466/pexels-photo-6804466.jpeg
B0BGH9FQHZ,https://images.pexels.com/photos/6337/light-coffee-pen-working.jpg
B09NCMHTSB,https://images.pexels.com/photos/35504606/pexels-photo-35504606.jpeg
B0C1N4XTZ2,https://images.pexels.com/photos/17350368/pexels-photo-17350368.jpeg
B0CNT61VMZ,https://images.pexels.com/photos/7862496/pexels-photo-7862496.jpeg
B09C12ZBKM,https://images.pexels.com/photos/34877295/pexels-photo-34877295.jpeg
B0CJ2LXNFN,https://images.pexels.com/photos/7915219/pexels-photo-7915219.jpeg
B07ZWK2TQT,https://images.pexels.com/photos/32755762/pexels-photo-32755762.jpeg
B09KZGY5TK,https://images.pexels.com/photos/10655906/pexels-photo-10655906.jpeg
B0BNPBTJDP,https://images.pexels.com/photos/1181449/pexels-photo-1181449.jpeg
B0C3VNNS4Y,https://images.pexels.com/photos/19935029/pexels-photo-19935029.jpeg
B0DG2WKLMR,https://images.pexels.com/photos/19935029/pexels-photo-19935029.jpeg
B07FLKYRFB,https://images.pexels.com/photos/4792732/pexels-photo-4792732.jpeg
B0D3KTJ6DN,https://images.pexels.com/photos/1181449/pexels-photo-1181449.jpeg
B0BL2ND2GC,https://images.pexels.com/photos/1604025/pexels-photo-1604025.jpeg
B0CH9TPJ3V,https://images.pexels.com/photos/9784235/pexels-photo-9784235.jpeg
B09TKH352V,https://images.pexels.com/photos/5793947/pexels-photo-5793947.jpeg
B0CBPNWCVS,https://images.pexels.com/photos/15399855/pexels-photo-15399855.jpeg
B09WDJNBT1,https://images.pexels.com/photos/10655906/pexels-photo-10655906.jpeg
B09P33RWFJ,https://images.pexels.com/photos/346765/pexels-photo-346765.jpeg
B0C4SYN1SP,https://images.pexels.com/photos/13736497/pexels-photo-13736497.jpeg
B0C8HN3QD7,https://images.pexels.com/photos/346765/pexels-photo-346765.jpeg
B07VN47CYW,https://images.pexels.com/photos/10655906/pexels-photo-10655906.jpeg
B07TS6R1SF,https://images.pexels.com/photos/25809251/pexels-photo-25809251.jpeg
B0BT4DP7SC,https://images.pexels.com/photos/6337/light-coffee-pen-working.jpg
B07PV6NDB2,https://images.pexels.com/photos/8569471/pexels-photo-8569471.jpeg
B07PFCRWG9,https://images.pexels.com/photos/12902994/pexels-photo-12902994.jpeg
B09LK1P1RD,https://images.pexels.com/photos/31076950/pexels-photo-31076950.jpeg
B0BL2NDWTX,https://images.pexels.com/photos/5942722/pexels-photo-5942722.jpeg
B00MUTWLW4,https://images.pexels.com/photos/9263102/pexels-photo-9263102.jpeg
B0B2WL3K7D,https://images.pexels.com/photos/7915219/pexels-photo-7915219.jpeg
B00X5P8BJO,https://images.pexels.com/photos/346765/pexels-photo-346765.jpeg
B085RGMMV4,https://images.pexels.com/photos/6001241/pexels-photo-6001241.jpeg
B00GD1BGYO,https://images.pexels.com/photos/25809251/pexels-photo-25809251.jpeg
B07ZGDPT4M,https://images.pexels.com/photos/7862496/pexels-photo-7862496.jpeg
B07QQB9VCV,https://images.pexels.com/photos/9020272/pexels-photo-9020272.jpeg
B08B3MHYPC,https://images.pexels.com/photos/9020272/pexels-photo-9020272.jpeg
B09X6GJ691,https://images.pexels.com/photos/34877295/pexels-photo-34877295.jpeg
B0D17C3ZVJ,https://images.pexels.com/photos/8532766/pexels-photo-8532766.jpeg
B097T276QL,https://images.pexels.com/photos/31076950/pexels-photo-31076950.jpeg
B0BGXZF1MD,https://images.pexels.com/photos/5793947/pexels-photo-5793947.jpeg
B08XBQ79MN,https://images.pexels.com/photos/5805490/pexels-photo-5805490.jpeg
B09LVWTDWN,https://images.pexels.com/photos/15372897/pexels-photo-15372897.jpeg
B09W5D3LSL,https://images.pexels.com/photos/4792732/pexels-photo-4792732.jpeg
B07HYY2YHP,https://images.pexels.com/photos/32755764/pexels-photo-32755764.jpeg
B0C6LZQW4W,https://images.pexels.com/photos/5152261/pexels-photo-5152261.jpeg
B0BPBDWS9R,https://images.pexels.com/photos/5805490/pexels-photo-5805490.jpeg
B0912HWJKJ,https://images.pexels.com/photos/6804466/pexels-photo-6804466.jpeg
B09KGMGWHJ,https://images.pexels.com/photos/31076950/pexels-photo-31076950.jpeg
B01MXONFI1,https://images.pexels.com/photos/6804466/pexels-photo-6804466.jpeg
B08JCR31R7,https://images.pexels.com/photos/32755764/pexels-photo-32755764.jpeg
B095JX15XF,https://images.pexels.com/photos/32755762/pexels-photo-32755762.jpeg
B0D3HMZWN2,https://images.pexels.com/photos/35504606/pexels-photo-35504606.jpeg
B00DTGG1NW,https://images.pexels.com/photos/32755764/pexels-photo-32755764.jpeg
B07N115MZZ,https://images.pexels.com/photos/5805490/pexels-photo-5805490.jpeg
B08B8BBM2W,https://images.pexels.com/photos/35504606/pexels-photo-35504606.jpeg
B0BMDZRB28,https://images.pexels.com/photos/5152261/pexels-photo-5152261.jpeg
B0CDGQR333,https://images.pexels.com/photos/15372897/pexels-photo-15372897.jpeg
B07QGHK6Q8,https://images.pexels.com/photos/31076950/pexels-photo-31076950.jpeg
B06XW8QXVG,https://images.pexels.com/photos/31076950/pexels-photo-31076950.jpeg
B08Z6X4NK3,https://images.pexels.com/photos/32532386/pexels-photo-32532386.jpeg
B09STTTKBK,https://images.pexels.com/photos/15940010/pexels-photo-15940010.jpeg
B0CZM6JKZ4,https://images.pexels.com/photos/7915219/pexels-photo-7915219.jpeg
B0D9LWMZDY,https://images.pexels.com/photos/1604025/pexels-photo-1604025.jpeg
B0D7HCZSRP,https://images.pexels.com/photos/32755762/pexels-photo-32755762.jpeg
B081YXTSXG,https://images.pexels.com/photos/32755762/pexels-photo-32755762.jpeg
B0D4HKW2D7,https://images.pexels.com/photos/7241679/pexels-photo-7241679.jpeg
B01LVZU9B0,https://images.pexels.com/photos/17350368/pexels-photo-17350368.jpeg
B0BTNY72VD,https://images.pexels.com/photos/31076950/pexels-photo-31076950.jpeg
B0CGL8X4H6,https://images.pexels.com/photos/9263102/pexels-photo-9263102.jpeg
B075GZVD4T,https://images.pexels.com/photos/32755762/pexels-photo-32755762.jpeg
B0BTNZWYT5,https://images.pexels.com/photos/32755762/pexels-photo-32755762.jpeg
B0BKKYRQ31,https://images.pexels.com/photos/6893890/pexels-photo-6893890.jpeg
B0CSMGWHF5,https://images.pexels.com/photos/17350368/pexels-photo-17350368.jpeg
B0DCVVBT3C,https://images.pexels.com/photos/34877295/pexels-photo-34877295.jpeg
B07XGD9XJL,https://images.pexels.com/photos/5805490/pexels-photo-5805490.jpeg
B0BTNYGHN7,https://images.pexels.com/photos/28842075/pexels-photo-28842075.jpeg
B0CXPCMGP1,https://images.pexels.com/photos/34877295/pexels-photo-34877295.jpeg
B08FMMGMPN,https://images.pexels.com/photos/5942722/pexels-photo-5942722.jpeg
B0BFVYYYN7,https://images.pexels.com/photos/7915219/pexels-photo-7915219.jpeg
B079YZHFL1,https://images.pexels.com/photos/5380584/pexels-photo-5380584.jpeg
B0DBYWGB73,https://images.pexels.com/photos/15940010/pexels-photo-15940010.jpeg
B0DG2THQ5V,https://images.pexels.com/photos/5793947/pexels-photo-5793947.jpeg
B003ELVLKU,https://images.pexels.com/photos/3747070/pexels-photo-3747070.jpeg
B003NREDC8,https://images.pexels.com/photos/11129922/pexels-photo-11129922.jpeg
B09NLS9TK4,https://images.pexels.com/photos/6001241/pexels-photo-6001241.jpeg
B07RQVB3HQ,https://images.pexels.com/photos/15399855/pexels-photo-15399855.jpeg
B07MMNVG4L,https://images.pexels.com/photos/5380584/pexels-photo-5380584.jpeg
B0BT15X781,https://images.pexels.com/photos/4792720/pexels-photo-4792720.jpeg
B09YRBD8TM,https://images.pexels.com/photos/32755764/pexels-photo-32755764.jpeg
B07VV9KMSQ,https://images.pexels.com/photos/15399855/pexels-photo-15399855.jpeg
B0DGQQKRRX,https://images.pexels.com/photos/11129922/pexels-photo-11129922.jpeg
B00ZYLMQH0,https://images.pexels.com/photos/34877295/pexels-photo-34877295.jpeg
B017M4IX8W,https://images.pexels.com/photos/13736497/pexels-photo-13736497.jpeg
B0BKVY4WKT,https://images.pexels.com/photos/32532386/pexels-photo-32532386.jpeg
B004N627KS,https://images.pexels.com/photos/6893890/pexels-photo-6893890.jpeg
B079JLY5M5,https://images.pexels.com/photos/13736497/pexels-photo-13736497.jpeg
B0B4ZWZ89X,https://images.pexels.com/photos/6804466/pexels-photo-6804466.jpeg
B0D31FDYHS,https://images.pexels.com/photos/17350368/pexels-photo-17350368.jpeg
B014EUQOGK,https://images.pexels.com/photos/6611936/pexels-photo-6611936.jpeg
B01LZTBKBG,https://images.pexels.com/photos/6476590/pexels-photo-6476590.jpeg
B085RLZ1C4,https://images.pexels.com/photos/15372897/pexels-photo-15372897.jpeg
B0CT4Q7Y2V,https://images.pexels.com/photos/4792732/pexels-photo-4792732.jpeg
B079YQPNJS,https://images.pexels.com/photos/6804466/pexels-photo-6804466.jpeg
B08J8BLRZF,https://images.pexels.com/photos/31076950/pexels-photo-31076950.jpeg
B07TNPPCCK,https://images.pexels.com/photos/5152261/pexels-photo-5152261.jpeg
B00CYX26BC,https://images.pexels.com/photos/5805490/pexels-photo-5805490.jpeg
B001OAR26K,https://images.pexels.com/photos/34877295/pexels-photo-34877295.jpeg
B004SUIM4E,https://images.pexels.com/photos/12561283/pexels-photo-12561283.jpeg
B00QXT5T3U,https://images.pexels.com/photos/8569471/pexels-photo-8569471.jpeg
B0BTNXW6W2,https://images.pexels.com/photos/6804466/pexels-photo-6804466.jpeg
B015SIXSCU,https://images.pexels.com/photos/35504606/pexels-photo-35504606.jpeg
B07YGNN6N1,https://images.pexels.com/photos/28842075/pexels-photo-28842075.jpeg
B078QVQ8Q4,https://images.pexels.com/photos/4792720/pexels-photo-4792720.jpeg
B0056BYSWY,https://images.pexels.com/photos/28842075/pexels-photo-28842075.jpeg
B09NCLR4M6,https://images.pexels.com/photos/32532386/pexels-photo-32532386.jpeg
B08Y78FFR9,https://images.pexels.com/photos/4792720/pexels-photo-4792720.jpeg
B09NMM4FY6,https://images.pexels.com/photos/12561283/pexels-photo-12561283.jpeg
B08HR68MQZ,https://images.pexels.com/photos/35504606/pexels-photo-35504606.jpeg
B0CH3MRGK7,https://images.pexels.com/photos/5152261/pexels-photo-5152261.jpeg
B0CQ31VFT4,https://images.pexels.com/photos/25809251/pexels-photo-25809251.jpeg
B091D8TKZH,https://images.pexels.com/photos/5152261/pexels-photo-5152261.jpeg
B0CBHP4SWC,https://images.pexels.com/photos/7862496/pexels-photo-7862496.jpeg
B0BBWJ6V1R,https://images.pexels.com/photos/32755762/pexels-photo-32755762.jpeg
B0CG8M6L8G,https://images.pexels.com/photos/31076950/pexels-photo-31076950.jpeg
B08WCB916J,https://images.pexels.com/photos/28842075/pexels-photo-28842075.jpeg
B0CLGWXRW9,https://images.pexels.com/photos/7915219/pexels-photo-7915219.jpeg
B0B99LCF7C,https://images.pexels.com/photos/5152261/pexels-photo-5152261.jpeg
B08W2DY46Q,https://images.pexels.com/photos/34877295/pexels-photo-34877295.jpeg
B0C4WTKHXX,https://images.pexels.com/photos/28842075/pexels-photo-28842075.jpeg
B07TNRCM1Z,https://images.pexels.com/photos/6804466/pexels-photo-6804466.jpeg
B09C12L49Z,https://images.pexels.com/photos/4145372/pexels-photo-4145372.jpeg
B0C8QYB8W6,https://images.pexels.com/photos/6804466/pexels-photo-6804466.jpeg
B08BFF4C7J,https://images.pexels.com/photos/28842075/pexels-photo-28842075.jpeg
B09698GFZJ,https://images.pexels.com/photos/6804466/pexels-photo-6804466.jpeg
B08FQTGFT5,https://images.pexels.com/photos/4145372/pexels-photo-4145372.jpeg
B0CG7FQML2,https://images.pexels.com/photos/17350368/pexels-photo-17350368.jpeg
B0935HWL1Z,https://images.pexels.com/photos/28842075/pexels-photo-28842075.jpeg
B0BBZLW22X,https://images.pexels.com/photos/5152261/pexels-photo-5152261.jpeg
B0C41FL318,https://images.pexels.com/photos/4145372/pexels-photo-4145372.jpeg
B08M38ZWPS,https://images.pexels.com/photos/32532386/pexels-photo-32532386.jpeg
B0DD5S8TM8,https://images.pexels.com/photos/12561283/pexels-photo-12561283.jpeg
B07JGDDWDN,https://images.pexels.com/photos/34877295/pexels-photo-34877295.jpeg
B09J72K6SM,https://images.pexels.com/photos/4792720/pexels-photo-4792720.jpeg
B07754PYFK,https://images.pexels.com/photos/32532386/pexels-photo-32532386.jpeg
B09LX248LD,https://images.pexels.com/photos/4792732/pexels-photo-4792732.jpeg
B004YAVF8I,https://images.pexels.com/photos/5793947/pexels-photo-5793947.jpeg
B09HM94VDS,https://images.pexels.com/photos/15601241/pexels-photo-15601241.jpeg
B087Z5WDJ2,https://images.pexels.com/photos/17484878/pexels-photo-17484878.jpeg
B09BRD98T4,https://images.pexels.com/photos/6363/man-hands-working-technology.jpg
B07CMS5Q6P,https://images.pexels.com/photos/9161032/pexels-photo-9161032.jpeg
B087LXCTFJ,https://images.pexels.com/photos/13870516/pexels-photo-13870516.jpeg
B07FNJB8TT,https://images.pexels.com/photos/20510008/pexels-photo-20510008.jpeg
B005EJH6RW,https://images.pexels.com/photos/20510003/pexels-photo-20510003.jpeg
B0787D6SGQ,https://images.pexels.com/photos/265144/pexels-photo-265144.jpeg
B098S48QWM,https://images.pexels.com/photos/6611936/pexels-photo-6611936.jpeg
B07GBZ4Q68,https://images.pexels.com/photos/5185149/pexels-photo-5185149.jpeg
B087Z6LSHW,https://images.pexels.com/photos/5793947/pexels-photo-5793947.jpeg
B005EJH6Z4,https://images.pexels.com/photos/13870513/pexels-photo-13870513.jpeg
B094PS5RZQ,https://images.pexels.com/photos/20510003/pexels-photo-20510003.jpeg
B094QH5MWN,https://images.pexels.com/photos/8532766/pexels-photo-8532766.jpeg
B09NBWL8J5,https://images.pexels.com/photos/5931186/pexels-photo-5931186.jpeg
B00ADBY98A,https://images.pexels.com/photos/6611936/pexels-photo-6611936.jpeg
B09JG4KJN5,https://images.pexels.com/photos/20432893/pexels-photo-20432893.jpeg
B001DHECXA,https://images.pexels.com/photos/1181449/pexels-photo-1181449.jpeg
B073319ZJF,https://images.pexels.com/photos/11129922/pexels-photo-11129922.jpeg
B087Z733CM,https://images.pexels.com/photos/265144/pexels-photo-265144.jpeg
B0BXNR9DB6,https://images.pexels.com/photos/19935029/pexels-photo-19935029.jpeg
B0D9N7RY1D,https://images.pexels.com/photos/19935029/pexels-photo-19935029.jpeg
B07C2NL5HK,https://images.pexels.com/photos/265144/pexels-photo-265144.jpeg
B07KNQRQ3P,https://images.pexels.com/photos/6611936/pexels-photo-6611936.jpeg
B0CPSP33T8,https://images.pexels.com/photos/17484878/pexels-photo-17484878.jpeg
B082V7PWD1,https://images.pexels.com/photos/11129922/pexels-photo-11129922.jpeg
B0BPCW5CS6,https://images.pexels.com/photos/1604025/pexels-photo-1604025.jpeg
B0D9FBMGQY,https://images.pexels.com/photos/265144/pexels-photo-265144.jpeg
B0CP3HTHLZ,https://images.pexels.com/photos/20510008/pexels-photo-20510008.jpeg
B09J1TB35S,https://images.pexels.com/photos/5942722/pexels-photo-5942722.jpeg
B0C4XXH2FV,https://images.pexels.com/photos/20510001/pexels-photo-20510001.jpeg
B0CHRS6H8D,https://images.pexels.com/photos/7241679/pexels-photo-7241679.jpeg
B09KX9P829,https://images.pexels.com/photos/3747070/pexels-photo-3747070.jpeg
B07GCKQD77,https://images.pexels.com/photos/20510008/pexels-photo-20510008.jpeg
B094Q1GJSD,https://images.pexels.com/photos/12029640/pexels-photo-12029640.jpeg
B08SJ5Z8JL,https://images.pexels.com/photos/9161032/pexels-photo-9161032.jpeg
B07L4BM851,https://images.pexels.com/photos/17484878/pexels-photo-17484878.jpeg
B07YN82X3B,https://images.pexels.com/photos/5474290/pexels-photo-5474290.jpeg
B09C13PZX7,https://images.pexels.com/photos/12029640/pexels-photo-12029640.jpeg
B09NBWQDKX,https://images.pexels.com/photos/17484878/pexels-photo-17484878.jpeg
B0943HXDVM,https://images.pexels.com/photos/13870513/pexels-photo-13870513.jpeg
B07NSSPV9S,https://images.pexels.com/photos/15601241/pexels-photo-15601241.jpeg
B00Z9V0NKC,https://images.pexels.com/photos/6611936/pexels-photo-6611936.jpeg
B09VPBF8NY,https://images.pexels.com/photos/9263102/pexels-photo-9263102.jpeg
B0B66RHD7B,https://images.pexels.com/photos/7240351/pexels-photo-7240351.jpeg
B08VTS4T4B,https://images.pexels.com/photos/5185149/pexels-photo-5185149.jpeg
B00BIFNTMC,https://images.pexels.com/photos/7241679/pexels-photo-7241679.jpeg
B098HXFLMW,https://images.pexels.com/photos/10655906/pexels-photo-10655906.jpeg
B08TLYK78K,https://images.pexels.com/photos/5931186/pexels-photo-5931186.jpeg
B07BFCVJZC,https://images.pexels.com/photos/265144/pexels-photo-265144.jpeg
B0CW6F9W2K,https://images.pexels.com/photos/13736497/pexels-photo-13736497.jpeg
B0D1Y3KSHW,https://images.pexels.com/photos/15399855/pexels-photo-15399855.jpeg
B0CX18LHWS,https://images.pexels.com/photos/265144/pexels-photo-265144.jpeg
B09HHHDZZG,https://images.pexels.com/photos/10655906/pexels-photo-10655906.jpeg
B0CCXJB1JG,https://images.pexels.com/photos/1181449/pexels-photo-1181449.jpeg
B0CT2C56BB,https://images.pexels.com/photos/20510003/pexels-photo-20510003.jpeg
B00FPAVUHC,https://images.pexels.com/photos/38006271/pexels-photo-38006271.jpeg
B0D9HCM4XR,https://images.pexels.com/photos/20432893/pexels-photo-20432893.jpeg
B003L62T7W,https://images.pexels.com/photos/3747070/pexels-photo-3747070.jpeg
B07K9DBY6N,https://images.pexels.com/photos/12029640/pexels-photo-12029640.jpeg
B012DT5U96,https://images.pexels.com/photos/20510003/pexels-photo-20510003.jpeg
B01BC4TXXC,https://images.pexels.com/photos/10655906/pexels-photo-10655906.jpeg
B08VJDGK2H,https://images.pexels.com/photos/8569471/pexels-photo-8569471.jpeg
B01JPOLKDW,https://images.pexels.com/photos/1604025/pexels-photo-1604025.jpeg
B0BXYV1SZQ,https://images.pexels.com/photos/8569471/pexels-photo-8569471.jpeg
B09Y8K2HJN,https://images.pexels.com/photos/7241679/pexels-photo-7241679.jpeg
B0877DK2FL,https://images.pexels.com/photos/13870513/pexels-photo-13870513.jpeg
B0753P1GTS,https://images.pexels.com/photos/7172697/pexels-photo-7172697.jpeg
B07YVMXLQC,https://images.pexels.com/photos/13870513/pexels-photo-13870513.jpeg
B0CWTY6Z99,https://images.pexels.com/photos/20432893/pexels-photo-20432893.jpeg
B0BKLGJPQT,https://images.pexels.com/photos/8532766/pexels-photo-8532766.jpeg
B01936N73I,https://images.pexels.com/photos/7172697/pexels-photo-7172697.jpeg
B000HEW0KW,https://images.pexels.com/photos/20510001/pexels-photo-20510001.jpeg
B0BLRQ4116,https://images.pexels.com/photos/38006271/pexels-photo-38006271.jpeg
B09489Q3VY,https://images.pexels.com/photos/15601241/pexels-photo-15601241.jpeg
B0D7Q37FD1,https://images.pexels.com/photos/5793947/pexels-photo-5793947.jpeg
B0CD7G17C8,https://images.pexels.com/photos/9784235/pexels-photo-9784235.jpeg
B0BR7KX422,https://images.pexels.com/photos/11129922/pexels-photo-11129922.jpeg
B0050SPZMK,https://images.pexels.com/photos/20510001/pexels-photo-20510001.jpeg
B0CMQJKT3G,https://images.pexels.com/photos/15399855/pexels-photo-15399855.jpeg
B0BYD5H31D,https://images.pexels.com/photos/11129922/pexels-photo-11129922.jpeg
B08P6FXKP9,https://images.pexels.com/photos/5185149/pexels-photo-5185149.jpeg
B0D9FCG4GN,https://images.pexels.com/photos/5931186/pexels-photo-5931186.jpeg
B0BJ6NBYJG,https://images.pexels.com/photos/8569471/pexels-photo-8569471.jpeg
B08QZBY6Z2,https://images.pexels.com/photos/5793947/pexels-photo-5793947.jpeg
B06X3W3YQD,https://images.pexels.com/photos/20510008/pexels-photo-20510008.jpeg
B07FZX4JFV,https://images.pexels.com/photos/5931186/pexels-photo-5931186.jpeg
B08HLVDHHV,https://images.pexels.com/photos/8569471/pexels-photo-8569471.jpeg
B07S4CP96V,https://images.pexels.com/photos/1604025/pexels-photo-1604025.jpeg
B0788LMLZL,https://images.pexels.com/photos/32755764/pexels-photo-32755764.jpeg
B07C3XZMC6,https://images.pexels.com/photos/3747070/pexels-photo-3747070.jpeg
B0CNDF682X,https://images.pexels.com/photos/7915219/pexels-photo-7915219.jpeg
B078CQ311V,https://images.pexels.com/photos/11129922/pexels-photo-11129922.jpeg
B081DHV2PW,https://images.pexels.com/photos/20510001/pexels-photo-20510001.jpeg
B0BB3B8G45,https://images.pexels.com/photos/12029640/pexels-photo-12029640.jpeg
B06X3W3TM4,https://images.pexels.com/photos/7240351/pexels-photo-7240351.jpeg
B0C1BXJ51D,https://images.pexels.com/photos/19935029/pexels-photo-19935029.jpeg
B0C6QP1Z4B,https://images.pexels.com/photos/6932748/pexels-photo-6932748.jpeg
B0BQ3C9YJZ,https://images.pexels.com/photos/35504606/pexels-photo-35504606.jpeg
B0BMTPC44X,https://images.pexels.com/photos/5474290/pexels-photo-5474290.jpeg
B00L2AN9PK,https://images.pexels.com/photos/5185149/pexels-photo-5185149.jpeg
B0CW1KJ6BF,https://images.pexels.com/photos/19935029/pexels-photo-19935029.jpeg
B07ZSYNSSG,https://images.pexels.com/photos/7172697/pexels-photo-7172697.jpeg
B0CP6CDVQV,https://images.pexels.com/photos/11129922/pexels-photo-11129922.jpeg
B0D1BNS1H2,https://images.pexels.com/photos/8532766/pexels-photo-8532766.jpeg
B0D8VJ7SFP,https://images.pexels.com/photos/17484878/pexels-photo-17484878.jpeg
B09VBM33W5,https://images.pexels.com/photos/19935029/pexels-photo-19935029.jpeg
B0868Q5MJK,https://images.pexels.com/photos/15399855/pexels-photo-15399855.jpeg
B08L92MJSZ,https://images.pexels.com/photos/5474290/pexels-photo-5474290.jpeg
B075ZDRLGN,https://images.pexels.com/photos/15940010/pexels-photo-15940010.jpeg
B0BPD3MMQ4,https://images.pexels.com/photos/7151698/pexels-photo-7151698.jpeg
B08FHPPZBJ,https://images.pexels.com/photos/13870513/pexels-photo-13870513.jpeg
B08JH8C5T5,https://images.pexels.com/photos/5185149/pexels-photo-5185149.jpeg
B0BL79GS4Q,https://images.pexels.com/photos/5942722/pexels-photo-5942722.jpeg
B000UVRU6G,https://images.pexels.com/photos/5185149/pexels-photo-5185149.jpeg
B09R1LB1B6,https://images.pexels.com/photos/7151696/pexels-photo-7151696.jpeg
B09YTY8Q7N,https://images.pexels.com/photos/20510003/pexels-photo-20510003.jpeg
B0CDG6JH7Q,https://images.pexels.com/photos/12029640/pexels-photo-12029640.jpeg
B018GFBCO8,https://images.pexels.com/photos/6611936/pexels-photo-6611936.jpeg
B0885FJ8CB,https://images.pexels.com/photos/20510008/pexels-photo-20510008.jpeg
B07D99QJRS,https://images.pexels.com/photos/3946013/pexels-photo-3946013.jpeg
B01F0XHA5E,https://images.pexels.com/photos/20510001/pexels-photo-20510001.jpeg
B0188WO9LC,https://images.pexels.com/photos/18295023/pexels-photo-18295023.jpeg
B09DV56338,https://images.pexels.com/photos/7151696/pexels-photo-7151696.jpeg
B013WW0B5G,https://images.pexels.com/photos/15399855/pexels-photo-15399855.jpeg
B0BPD2Q2CH,https://images.pexels.com/photos/8532766/pexels-photo-8532766.jpeg
B0000365QL,https://images.pexels.com/photos/18295023/pexels-photo-18295023.jpeg
B01798VS4C,https://images.pexels.com/photos/38006271/pexels-photo-38006271.jpeg
B0CHQFBZ1M,https://images.pexels.com/photos/19935029/pexels-photo-19935029.jpeg
B08QFB5KVS,https://images.pexels.com/photos/7172697/pexels-photo-7172697.jpeg
B089611QVL,https://images.pexels.com/photos/32755762/pexels-photo-32755762.jpeg
B00O1VJV9U,https://images.pexels.com/photos/6932748/pexels-photo-6932748.jpeg
B08JH89SVJ,https://images.pexels.com/photos/20510001/pexels-photo-20510001.jpeg
B08JLW4KWN,https://images.pexels.com/photos/7241679/pexels-photo-7241679.jpeg
B00004Z5DW,https://images.pexels.com/photos/7151696/pexels-photo-7151696.jpeg
B000UH9M3E,https://images.pexels.com/photos/5931186/pexels-photo-5931186.jpeg
B091FD7SSY,https://images.pexels.com/photos/6932748/pexels-photo-6932748.jpeg
B08GHX29XM,https://images.pexels.com/photos/20510001/pexels-photo-20510001.jpeg
B08FRPWMMQ,https://images.pexels.com/photos/265144/pexels-photo-265144.jpeg
B09CT5T8J2,https://images.pexels.com/photos/5931186/pexels-photo-5931186.jpeg
B0993F2BTB,https://images.pexels.com/photos/19935029/pexels-photo-19935029.jpeg
B01G5ATZAE,https://images.pexels.com/photos/3946013/pexels-photo-3946013.jpeg
B09Q81J77H,https://images.pexels.com/photos/5931186/pexels-photo-5931186.jpeg
B0BPY4ZQXG,https://images.pexels.com/photos/18295023/pexels-photo-18295023.jpeg
B0CPSPN896,https://images.pexels.com/photos/13870513/pexels-photo-13870513.jpeg
B09HMV6K1W,https://images.pexels.com/photos/346765/pexels-photo-346765.jpeg
B0BXBC26X8,https://images.pexels.com/photos/9161032/pexels-photo-9161032.jpeg
B0CW25XR5R,https://images.pexels.com/photos/20510001/pexels-photo-20510001.jpeg
B0BGJTLFN5,https://images.pexels.com/photos/7172697/pexels-photo-7172697.jpeg
B0B6Y3XYFG,https://images.pexels.com/photos/3946013/pexels-photo-3946013.jpeg
B07F816PH9,https://images.pexels.com/photos/7240351/pexels-photo-7240351.jpeg
B09TG6KG2T,https://images.pexels.com/photos/16645416/pexels-photo-16645416.jpeg
B0DG837JYP,https://images.pexels.com/photos/18295023/pexels-photo-18295023.jpeg
B09GK3LTVC,https://images.pexels.com/photos/3946013/pexels-photo-3946013.jpeg
B0CF4DJM7F,https://images.pexels.com/photos/13870516/pexels-photo-13870516.jpeg
B0B6XTDJS1,https://images.pexels.com/photos/20510001/pexels-photo-20510001.jpeg
B097F8H1MC,https://images.pexels.com/photos/20510008/pexels-photo-20510008.jpeg
B0C51J2ZXN,https://images.pexels.com/photos/6932748/pexels-photo-6932748.jpeg
B08D27XXRY,https://images.pexels.com/photos/12029640/pexels-photo-12029640.jpeg
B0B6Y52YXB,https://images.pexels.com/photos/15601241/pexels-photo-15601241.jpeg
B082LRMY53,https://images.pexels.com/photos/13870513/pexels-photo-13870513.jpeg
B09CXQZMHG,https://images.pexels.com/photos/20510003/pexels-photo-20510003.jpeg
B07QX9C9WH,https://images.pexels.com/photos/18295023/pexels-photo-18295023.jpeg
B082LVNHW9,https://images.pexels.com/photos/5185149/pexels-photo-5185149.jpeg
B07KQWR72Z,https://images.pexels.com/photos/7172697/pexels-photo-7172697.jpeg
B07Q424WFW,https://images.pexels.com/photos/12029640/pexels-photo-12029640.jpeg
B08W2J9JZ9,https://images.pexels.com/photos/7151696/pexels-photo-7151696.jpeg
B08SHCKVTG,https://images.pexels.com/photos/20510001/pexels-photo-20510001.jpeg
B07VFSP226,https://images.pexels.com/photos/9161032/pexels-photo-9161032.jpeg
B0CTN2SRTH,https://images.pexels.com/photos/6932748/pexels-photo-6932748.jpeg
B082LVNJ4W,https://images.pexels.com/photos/20510003/pexels-photo-20510003.jpeg
B01MU3DZYN,https://images.pexels.com/photos/6932748/pexels-photo-6932748.jpeg
B0BGSGBB9F,https://images.pexels.com/photos/12029640/pexels-photo-12029640.jpeg
B0D9M58Y1T,https://images.pexels.com/photos/20510001/pexels-photo-20510001.jpeg
B08176SM7C,https://images.pexels.com/photos/20510001/pexels-photo-20510001.jpeg
B09VNTCZZN,https://images.pexels.com/photos/20510008/pexels-photo-20510008.jpeg
B07HCXFQ8P,https://images.pexels.com/photos/7240351/pexels-photo-7240351.jpeg
B09VNPB6Q1,https://images.pexels.com/photos/12029640/pexels-photo-12029640.jpeg
B0966V1GPG,https://images.pexels.com/photos/13870516/pexels-photo-13870516.jpeg
B08GDDZML8,https://images.pexels.com/photos/20510003/pexels-photo-20510003.jpeg
B078W926JQ,https://images.pexels.com/photos/7151696/pexels-photo-7151696.jpeg
B09CHD9TPX,https://images.pexels.com/photos/6932748/pexels-photo-6932748.jpeg
B093LSC9KY,https://images.pexels.com/photos/17484878/pexels-photo-17484878.jpeg
B078LJ6RPK,https://images.pexels.com/photos/20510008/pexels-photo-20510008.jpeg
B07G1WSLYR,https://images.pexels.com/photos/7240351/pexels-photo-7240351.jpeg
B0DCXGFGH2,https://images.pexels.com/photos/3946013/pexels-photo-3946013.jpeg
B073WGB8G6,https://images.pexels.com/photos/15601241/pexels-photo-15601241.jpeg
B0966VYKG3,https://images.pexels.com/photos/7151696/pexels-photo-7151696.jpeg
B00BALXTGA,https://images.pexels.com/photos/6932748/pexels-photo-6932748.jpeg
B0DG5SW7F4,https://images.pexels.com/photos/6893890/pexels-photo-6893890.jpeg
B0DC6JYJ9J,https://images.pexels.com/photos/7241679/pexels-photo-7241679.jpeg
B09DY2T2NZ,https://images.pexels.com/photos/3747070/pexels-photo-3747070.jpeg
B0D3G42HMX,https://images.pexels.com/photos/1604025/pexels-photo-1604025.jpeg
B0D1J9B7PV,https://images.pexels.com/photos/15940010/pexels-photo-15940010.jpeg
B0B1WR5K89,https://images.pexels.com/photos/29249664/pexels-photo-29249664.jpeg
B07K1JK4VB,https://images.pexels.com/photos/3946013/pexels-photo-3946013.jpeg
B00GSL4SMQ,https://images.pexels.com/photos/38006271/pexels-photo-38006271.jpeg
B0D4CCDLTW,https://images.pexels.com/photos/34877295/pexels-photo-34877295.jpeg
B0CHRSGYQ1,https://images.pexels.com/photos/15372897/pexels-photo-15372897.jpeg
B0CNLVSW5R,https://images.pexels.com/photos/1604025/pexels-photo-1604025.jpeg
B07DVCGX7G,https://images.pexels.com/photos/6372819/pexels-photo-6372819.jpeg
B08W9N38PC,https://images.pexels.com/photos/5805490/pexels-photo-5805490.jpeg
B09SGTWKWV,https://images.pexels.com/photos/20510008/pexels-photo-20510008.jpeg
B098P8C3BT,https://images.pexels.com/photos/6893890/pexels-photo-6893890.jpeg
B0CX91L1C4,https://images.pexels.com/photos/5793947/pexels-photo-5793947.jpeg
B0CN2LKQYX,https://images.pexels.com/photos/20510001/pexels-photo-20510001.jpeg
B08XX7R1XD,https://images.pexels.com/photos/20510008/pexels-photo-20510008.jpeg
B09YGKNN7W,https://images.pexels.com/photos/4145372/pexels-photo-4145372.jpeg
B0C4TQV23Q,https://images.pexels.com/photos/1181449/pexels-photo-1181449.jpeg
B08ZY2WFHX,https://images.pexels.com/photos/18295023/pexels-photo-18295023.jpeg
B01MS8PIX9,https://images.pexels.com/photos/13870513/pexels-photo-13870513.jpeg
B0CGRKB1WX,https://images.pexels.com/photos/9161032/pexels-photo-9161032.jpeg
B0854FW5GM,https://images.pexels.com/photos/32532386/pexels-photo-32532386.jpeg
B0D7PRL1Q8,https://images.pexels.com/photos/10655906/pexels-photo-10655906.jpeg
B0BKQC3KD6,https://images.pexels.com/photos/5793947/pexels-photo-5793947.jpeg
B0D9823VBN,https://images.pexels.com/photos/4792720/pexels-photo-4792720.jpeg
B07QXYY32Z,https://images.pexels.com/photos/38006271/pexels-photo-38006271.jpeg
B08MPK31P6,https://images.pexels.com/photos/17484878/pexels-photo-17484878.jpeg
B091HQ7W5R,https://images.pexels.com/photos/20432893/pexels-photo-20432893.jpeg
B0BJVCK766,https://images.pexels.com/photos/15372897/pexels-photo-15372897.jpeg
B01M11FLUJ,https://images.pexels.com/photos/31076950/pexels-photo-31076950.jpeg
B0B6NRTPMJ,https://images.pexels.com/photos/7241679/pexels-photo-7241679.jpeg
B0DDSZD328,https://images.pexels.com/photos/17484878/pexels-photo-17484878.jpeg
B0CYBTP55F,https://images.pexels.com/photos/11129922/pexels-photo-11129922.jpeg
B000XZ8MB6,https://images.pexels.com/photos/7172697/pexels-photo-7172697.jpeg
B09NH2BTYJ,https://images.pexels.com/photos/11129922/pexels-photo-11129922.jpeg
B0BJ98RT8L,https://images.pexels.com/photos/6001241/pexels-photo-6001241.jpeg
B08C56DKS5,https://images.pexels.com/photos/1604025/pexels-photo-1604025.jpeg
B09HZ3971K,https://images.pexels.com/photos/8532766/pexels-photo-8532766.jpeg
B083NRTG6R,https://images.pexels.com/photos/17484878/pexels-photo-17484878.jpeg
B0B2DMV2ZW,https://images.pexels.com/photos/1604025/pexels-photo-1604025.jpeg
B0CQC8JD8T,https://images.pexels.com/photos/4792720/pexels-photo-4792720.jpeg
B0CNBS4HT3,https://images.pexels.com/photos/19935029/pexels-photo-19935029.jpeg
B077CHMLQP,https://images.pexels.com/photos/8569471/pexels-photo-8569471.jpeg
B0B87SL8D9,https://images.pexels.com/photos/3946013/pexels-photo-3946013.jpeg
B01NCH9P2Y,https://images.pexels.com/photos/13870513/pexels-photo-13870513.jpeg
B09NV3RYFF,https://images.pexels.com/photos/5942722/pexels-photo-5942722.jpeg
B0BV1RSXBY,https://images.pexels.com/photos/17484878/pexels-photo-17484878.jpeg
B07ZZKZF63,https://images.pexels.com/photos/38006271/pexels-photo-38006271.jpeg
B0CDK4SKT6,https://images.pexels.com/photos/4792732/pexels-photo-4792732.jpeg
B0D5BYTTNX,https://images.pexels.com/photos/5805490/pexels-photo-5805490.jpeg
B0191YRNE6,https://images.pexels.com/photos/7240351/pexels-photo-7240351.jpeg
B0D9BP8PR6,https://images.pexels.com/photos/35504606/pexels-photo-35504606.jpeg
B0DJQD7ZWS,https://images.pexels.com/photos/13870516/pexels-photo-13870516.jpeg
B0B7J95M3G,https://images.pexels.com/photos/15399855/pexels-photo-15399855.jpeg
B0CDKF8TTT,https://images.pexels.com/photos/7240351/pexels-photo-7240351.jpeg
B08LV35MC1,https://images.pexels.com/photos/7151696/pexels-photo-7151696.jpeg
B0CQY9S3Q4,https://images.pexels.com/photos/13870516/pexels-photo-13870516.jpeg
B08LV388SG,https://images.pexels.com/photos/6932748/pexels-photo-6932748.jpeg
B09RDX4Z6B,https://images.pexels.com/photos/8532766/pexels-photo-8532766.jpeg
B0CP7TRZWR,https://images.pexels.com/photos/12509206/pexels-photo-12509206.jpeg
B08CLWH66J,https://images.pexels.com/photos/159299/graphic-design-studio-tracfone-programming-html-159299.jpeg
B0CHHSFMRL,https://images.pexels.com/photos/115655/pexels-photo-115655.jpeg
B0C8ZKV5R9,https://images.pexels.com/photos/5833752/pexels-photo-5833752.jpeg
B07743412C,https://images.pexels.com/photos/326505/pexels-photo-326505.jpeg
B0BTKJFRDV,https://images.pexels.com/photos/1714202/pexels-photo-1714202.jpeg
B08WJ26WP6,https://images.pexels.com/photos/326505/pexels-photo-326505.jpeg
B08FF3JQ28,https://images.pexels.com/photos/159299/graphic-design-studio-tracfone-programming-html-159299.jpeg
B0C8ZJ6RW8,https://images.pexels.com/photos/12509206/pexels-photo-12509206.jpeg
B0CYDLX8XW,https://images.pexels.com/photos/37848030/pexels-photo-37848030.jpeg
B0CGVY3YYB,https://images.pexels.com/photos/3315303/pexels-photo-3315303.jpeg
B09VSTTGL5,https://images.pexels.com/photos/17112932/pexels-photo-17112932.jpeg
B0CL8KSJ7C,https://images.pexels.com/photos/17112932/pexels-photo-17112932.jpeg
B0C6LSD69F,https://images.pexels.com/photos/3315303/pexels-photo-3315303.jpeg
B0BLQRXG6N,https://images.pexels.com/photos/37848030/pexels-photo-37848030.jpeg
B0D4QVHWPJ,https://images.pexels.com/photos/3315303/pexels-photo-3315303.jpeg
B0B17J144M,https://images.pexels.com/photos/159299/graphic-design-studio-tracfone-programming-html-159299.jpeg
B0CTSHK7H7,https://images.pexels.com/photos/17112932/pexels-photo-17112932.jpeg
B0CRH7YY7G,https://images.pexels.com/photos/17112932/pexels-photo-17112932.jpeg
B0CNDGKKK1,https://images.pexels.com/photos/326505/pexels-photo-326505.jpeg
B0BS9T3FNB,https://images.pexels.com/photos/8100064/pexels-photo-8100064.jpeg
B0C38FJ6HY,https://images.pexels.com/photos/37848030/pexels-photo-37848030.jpeg
B0BTK1C533,https://images.pexels.com/photos/777001/pexels-photo-777001.jpeg
B0D2JM3NQG,https://images.pexels.com/photos/1714202/pexels-photo-1714202.jpeg
B0BZR83GZT,https://images.pexels.com/photos/7858742/pexels-photo-7858742.jpeg
B0CXK6HGMB,https://images.pexels.com/photos/1714202/pexels-photo-1714202.jpeg
B096MXR34N,https://images.pexels.com/photos/37848030/pexels-photo-37848030.jpeg
B01CX26WIG,https://images.pexels.com/photos/115655/pexels-photo-115655.jpeg
B0B17KHCQN,https://images.pexels.com/photos/17112932/pexels-photo-17112932.jpeg
B09HN7PBPL,https://images.pexels.com/photos/115655/pexels-photo-115655.jpeg
B09B4C6H1G,https://images.pexels.com/photos/8100064/pexels-photo-8100064.jpeg
B098HQ8YRX,https://images.pexels.com/photos/12509206/pexels-photo-12509206.jpeg
B08DQWG3JG,https://images.pexels.com/photos/3315303/pexels-photo-3315303.jpeg
B0D9R7Q449,https://images.pexels.com/photos/1714202/pexels-photo-1714202.jpeg
B0D6GJDSSL,https://images.pexels.com/photos/326505/pexels-photo-326505.jpeg
B07CS3JGPC,https://images.pexels.com/photos/3315303/pexels-photo-3315303.jpeg
B0D51L1475,https://images.pexels.com/photos/159299/graphic-design-studio-tracfone-programming-html-159299.jpeg
B0845NXCXF,https://images.pexels.com/photos/37848030/pexels-photo-37848030.jpeg
B08CVTTNN4,https://images.pexels.com/photos/326505/pexels-photo-326505.jpeg
B0DCHZ8TDK,https://images.pexels.com/photos/5833752/pexels-photo-5833752.jpeg
B0D51H96GD,https://images.pexels.com/photos/17112932/pexels-photo-17112932.jpeg
B0C6T7Y81Q,https://images.pexels.com/photos/115655/pexels-photo-115655.jpeg
B0DFV8DKC5,https://images.pexels.com/photos/7491599/pexels-photo-7491599.jpeg
B0CQPHJ32Y,https://images.pexels.com/photos/37848030/pexels-photo-37848030.jpeg
B0DFH5RSJX,https://images.pexels.com/photos/5833752/pexels-photo-5833752.jpeg
B0D9HWRQM7,https://images.pexels.com/photos/159299/graphic-design-studio-tracfone-programming-html-159299.jpeg
B0D3WGM8X8,https://images.pexels.com/photos/1714202/pexels-photo-1714202.jpeg
B0C15K7C5S,https://images.pexels.com/photos/12509206/pexels-photo-12509206.jpeg
B09MD7PVV2,https://images.pexels.com/photos/13736497/pexels-photo-13736497.jpeg
B0CP7TNX8C,https://images.pexels.com/photos/8100064/pexels-photo-8100064.jpeg
B0D3H42BGV,https://images.pexels.com/photos/17112932/pexels-photo-17112932.jpeg
B07TXM7K4T,https://images.pexels.com/photos/326505/pexels-photo-326505.jpeg
B0C7BMXV18,https://images.pexels.com/photos/7858742/pexels-photo-7858742.jpeg
B0CHHK97X5,https://images.pexels.com/photos/326505/pexels-photo-326505.jpeg
B0CZ23DN8N,https://images.pexels.com/photos/159299/graphic-design-studio-tracfone-programming-html-159299.jpeg
B0CZ5KN8HB,https://images.pexels.com/photos/12509206/pexels-photo-12509206.jpeg
B0B6JWXZZP,https://images.pexels.com/photos/115655/pexels-photo-115655.jpeg
B0B56DVML2,https://images.pexels.com/photos/3315303/pexels-photo-3315303.jpeg
B0D5ZKSR9C,https://images.pexels.com/photos/37848030/pexels-photo-37848030.jpeg
B0C4Z8RFY9,https://images.pexels.com/photos/8100064/pexels-photo-8100064.jpeg
B088MKF848,https://images.pexels.com/photos/326505/pexels-photo-326505.jpeg
B09P7ZK4CJ,https://images.pexels.com/photos/17112932/pexels-photo-17112932.jpeg
B0DFQ8V151,https://images.pexels.com/photos/3315303/pexels-photo-3315303.jpeg
B0B6DFG1FQ,https://images.pexels.com/photos/5833752/pexels-photo-5833752.jpeg
B0CYYV34LK,https://images.pexels.com/photos/7858742/pexels-photo-7858742.jpeg
B0CGD9R7PT,https://images.pexels.com/photos/12509206/pexels-photo-12509206.jpeg
B0C48D7Q22,https://images.pexels.com/photos/8100064/pexels-photo-8100064.jpeg
B0BV6Q5WPF,https://images.pexels.com/photos/37848030/pexels-photo-37848030.jpeg
B0CZ1THGBR,https://images.pexels.com/photos/12509206/pexels-photo-12509206.jpeg
B0CQPG9T3J,https://images.pexels.com/photos/3315303/pexels-photo-3315303.jpeg
B0CDQMQQS2,https://images.pexels.com/photos/5833747/pexels-photo-5833747.jpeg
B0CF6RXZJX,https://images.pexels.com/photos/5833752/pexels-photo-5833752.jpeg
B09XTNY742,https://images.pexels.com/photos/5833752/pexels-photo-5833752.jpeg
B0CMC2FZFD,https://images.pexels.com/photos/1714202/pexels-photo-1714202.jpeg
B0DCYYR4BL,https://images.pexels.com/photos/7491599/pexels-photo-7491599.jpeg
B0CWQMZPJC,https://images.pexels.com/photos/1714202/pexels-photo-1714202.jpeg
B0CWR5JVDM,https://images.pexels.com/photos/5833747/pexels-photo-5833747.jpeg
B0DB9Q5G3R,https://images.pexels.com/photos/8100064/pexels-photo-8100064.jpeg
B08LCMYT54,https://images.pexels.com/photos/326505/pexels-photo-326505.jpeg
B0DFGZ4B5N,https://images.pexels.com/photos/326505/pexels-photo-326505.jpeg
B09ZNQX51B,https://images.pexels.com/photos/5833752/pexels-photo-5833752.jpeg
B0CYZ5ZX6V,https://images.pexels.com/photos/159299/graphic-design-studio-tracfone-programming-html-159299.jpeg
B0876DBCBX,https://images.pexels.com/photos/1714202/pexels-photo-1714202.jpeg
B08MVBYWGQ,https://images.pexels.com/photos/8100064/pexels-photo-8100064.jpeg
B0B928B6BC,https://images.pexels.com/photos/5833752/pexels-photo-5833752.jpeg
B0CV4HXHJ8,https://images.pexels.com/photos/17112932/pexels-photo-17112932.jpeg
B0CP6HW894,https://images.pexels.com/photos/37848030/pexels-photo-37848030.jpeg
B08V86LGBS,https://images.pexels.com/photos/12509206/pexels-photo-12509206.jpeg
B0BY9NPLP4,https://images.pexels.com/photos/17112932/pexels-photo-17112932.jpeg
B0CXZW42CD,https://images.pexels.com/photos/12509206/pexels-photo-12509206.jpeg
B0C8ZJKPWC,https://images.pexels.com/photos/17112932/pexels-photo-17112932.jpeg
B08TKRRCTC,https://images.pexels.com/photos/777001/pexels-photo-777001.jpeg
B0C7BMTX7Y,https://images.pexels.com/photos/777001/pexels-photo-777001.jpeg
B078HSKBG3,https://images.pexels.com/photos/5833747/pexels-photo-5833747.jpeg
B07CVL2D2S,https://images.pexels.com/photos/12509206/pexels-photo-12509206.jpeg
B0148NNKTC,https://images.pexels.com/photos/5833752/pexels-photo-5833752.jpeg
B0C8ZJP65J,https://images.pexels.com/photos/17112932/pexels-photo-17112932.jpeg
B0CVM2GJCN,https://images.pexels.com/photos/777001/pexels-photo-777001.jpeg
B09TQZP9CL,https://images.pexels.com/photos/37848030/pexels-photo-37848030.jpeg
B0CBVTGLBK,https://images.pexels.com/photos/1714202/pexels-photo-1714202.jpeg
B088D8JG3L,https://images.pexels.com/photos/265144/pexels-photo-265144.jpeg
B07774L6TT,https://images.pexels.com/photos/12509206/pexels-photo-12509206.jpeg
B0BYNVS3RP,https://images.pexels.com/photos/17112932/pexels-photo-17112932.jpeg
B09TVZHV4W,https://images.pexels.com/photos/115655/pexels-photo-115655.jpeg
B0CP9THGP2,https://images.pexels.com/photos/5833747/pexels-photo-5833747.jpeg
B0B9NNWXVP,https://images.pexels.com/photos/7241679/pexels-photo-7241679.jpeg
B0BS9RH7GX,https://images.pexels.com/photos/5833747/pexels-photo-5833747.jpeg
B0CWL14K13,https://images.pexels.com/photos/5833752/pexels-photo-5833752.jpeg
B0DDNVFMWS,https://images.pexels.com/photos/17112932/pexels-photo-17112932.jpeg
B0DGMQ2M1G,https://images.pexels.com/photos/115655/pexels-photo-115655.jpeg
B08BF4CZSV,https://images.pexels.com/photos/37848030/pexels-photo-37848030.jpeg
B093R6C6B4,https://images.pexels.com/photos/1714202/pexels-photo-1714202.jpeg
B0C7WGTKJZ,https://images.pexels.com/photos/115655/pexels-photo-115655.jpeg
B0CYLMKFSV,https://images.pexels.com/photos/5833747/pexels-photo-5833747.jpeg
B088VMY23M,https://images.pexels.com/photos/5833747/pexels-photo-5833747.jpeg
B07YGZL8XF,https://images.pexels.com/photos/8100064/pexels-photo-8100064.jpeg
B0C1T35BCF,https://images.pexels.com/photos/326505/pexels-photo-326505.jpeg
B0DFMS9GPW,https://images.pexels.com/photos/12509206/pexels-photo-12509206.jpeg
B0B6CYVXF7,https://images.pexels.com/photos/3315303/pexels-photo-3315303.jpeg
B0D13S2F9T,https://images.pexels.com/photos/7858742/pexels-photo-7858742.jpeg
B0CLPMK95P,https://images.pexels.com/photos/5793947/pexels-photo-5793947.jpeg
B0B3MNRDGL,https://images.pexels.com/photos/5833747/pexels-photo-5833747.jpeg
B0CSS9X886,https://images.pexels.com/photos/5833752/pexels-photo-5833752.jpeg
B0997NRZ3F,https://images.pexels.com/photos/326505/pexels-photo-326505.jpeg
B09HR8RC46,https://images.pexels.com/photos/159299/graphic-design-studio-tracfone-programming-html-159299.jpeg
B09TTDRXNS,https://images.pexels.com/photos/777001/pexels-photo-777001.jpeg
B08LLD2QXJ,https://images.pexels.com/photos/37848030/pexels-photo-37848030.jpeg
B0D97HDVT3,https://images.pexels.com/photos/17112932/pexels-photo-17112932.jpeg
B0C2C9KP1F,https://images.pexels.com/photos/326505/pexels-photo-326505.jpeg
B0DG1MR5T9,https://images.pexels.com/photos/115655/pexels-photo-115655.jpeg
B0CN1RDB18,https://images.pexels.com/photos/1714202/pexels-photo-1714202.jpeg
B0B45998BM,https://images.pexels.com/photos/159299/graphic-design-studio-tracfone-programming-html-159299.jpeg
B0BXC41BTD,https://images.pexels.com/photos/326505/pexels-photo-326505.jpeg
B0DFMCXJCK,https://images.pexels.com/photos/115655/pexels-photo-115655.jpeg
B0DF786923,https://images.pexels.com/photos/37848030/pexels-photo-37848030.jpeg
B0C3R5X2RL,https://images.pexels.com/photos/17112932/pexels-photo-17112932.jpeg
B09DCBJWDB,https://images.pexels.com/photos/3315303/pexels-photo-3315303.jpeg
B088LG2BSW,https://images.pexels.com/photos/8100064/pexels-photo-8100064.jpeg
B0DDXHPVM6,https://images.pexels.com/photos/777001/pexels-photo-777001.jpeg
B0876KP2CK,https://images.pexels.com/photos/17112932/pexels-photo-17112932.jpeg
B0D3QFKBXT,https://images.pexels.com/photos/7858742/pexels-photo-7858742.jpeg
B0C5RW3DPS,https://images.pexels.com/photos/777001/pexels-photo-777001.jpeg
B09SG26D3F,https://images.pexels.com/photos/326505/pexels-photo-326505.jpeg
B0BX1X4382,https://images.pexels.com/photos/159299/graphic-design-studio-tracfone-programming-html-159299.jpeg
B0CHYLNZZ7,https://images.pexels.com/photos/37848030/pexels-photo-37848030.jpeg
B0CZ1RTYQY,https://images.pexels.com/photos/7858742/pexels-photo-7858742.jpeg
B09DTDRJWP,https://images.pexels.com/photos/5833752/pexels-photo-5833752.jpeg
B0D3FGFPPB,https://images.pexels.com/photos/17112932/pexels-photo-17112932.jpeg
B095X7RV77,https://images.pexels.com/photos/159299/graphic-design-studio-tracfone-programming-html-159299.jpeg
B07Q3H381D,https://images.pexels.com/photos/5833747/pexels-photo-5833747.jpeg
B0DF9DQG7L,https://images.pexels.com/photos/7491599/pexels-photo-7491599.jpeg
B09JQZ3HVB,https://images.pexels.com/photos/115655/pexels-photo-115655.jpeg
B0971MZ4VB,https://images.pexels.com/photos/115655/pexels-photo-115655.jpeg
B09H59H72W,https://images.pexels.com/photos/1714202/pexels-photo-1714202.jpeg
B0C6QRTBHM,https://images.pexels.com/photos/7491599/pexels-photo-7491599.jpeg
B07TKN7K2W,https://images.pexels.com/photos/20510008/pexels-photo-20510008.jpeg
B084LB7RN2,https://images.pexels.com/photos/1714202/pexels-photo-1714202.jpeg
B08WNQFWQN,https://images.pexels.com/photos/115655/pexels-photo-115655.jpeg
B0C1KPXPM9,https://images.pexels.com/photos/7491599/pexels-photo-7491599.jpeg
B0CRGJC5ZD,https://images.pexels.com/photos/326505/pexels-photo-326505.jpeg
B08WGLL83S,https://images.pexels.com/photos/159299/graphic-design-studio-tracfone-programming-html-159299.jpeg
B0D5ZZ9G26,https://images.pexels.com/photos/8100064/pexels-photo-8100064.jpeg
B0CK1LL7LF,https://images.pexels.com/photos/115655/pexels-photo-115655.jpeg
B09SKW8D9K,https://images.pexels.com/photos/5833747/pexels-photo-5833747.jpeg
B0D6CKL4HV,https://images.pexels.com/photos/115655/pexels-photo-115655.jpeg
B0D1DBQRRS,https://images.pexels.com/photos/159299/graphic-design-studio-tracfone-programming-html-159299.jpeg
B089HPRSJ4,https://images.pexels.com/photos/326505/pexels-photo-326505.jpeg
B09G74YD23,https://images.pexels.com/photos/7858742/pexels-photo-7858742.jpeg
B0CV27X9K7,https://images.pexels.com/photos/326505/pexels-photo-326505.jpeg
B088YN9LBK,https://images.pexels.com/photos/17112932/pexels-photo-17112932.jpeg
B093TB6HZH,https://images.pexels.com/photos/159299/graphic-design-studio-tracfone-programming-html-159299.jpeg
B07PDHSVSW,https://images.pexels.com/photos/7858742/pexels-photo-7858742.jpeg
B09XTD5C7H,https://images.pexels.com/photos/37848030/pexels-photo-37848030.jpeg
B0CLGSW5LC,https://images.pexels.com/photos/7491599/pexels-photo-7491599.jpeg
B0D1G831F1,https://images.pexels.com/photos/3315303/pexels-photo-3315303.jpeg
B0CDM89FL9,https://images.pexels.com/photos/115655/pexels-photo-115655.jpeg
B0BS9RGKZZ,https://images.pexels.com/photos/17112932/pexels-photo-17112932.jpeg
B07YGY3RLN,https://images.pexels.com/photos/7858742/pexels-photo-7858742.jpeg
B07TNM8L6S,https://images.pexels.com/photos/12509206/pexels-photo-12509206.jpeg
B07WQ4FXY9,https://images.pexels.com/photos/159299/graphic-design-studio-tracfone-programming-html-159299.jpeg
B08C5MGFXQ,https://images.pexels.com/photos/17112932/pexels-photo-17112932.jpeg
B0BQPZYKH1,https://images.pexels.com/photos/1714202/pexels-photo-1714202.jpeg
B0CV24GQ9W,https://images.pexels.com/photos/7491599/pexels-photo-7491599.jpeg
B08K2DSMJV,https://images.pexels.com/photos/17112932/pexels-photo-17112932.jpeg
B09MZQ978N,https://images.pexels.com/photos/5833747/pexels-photo-5833747.jpeg
B0CV26XVMD,https://images.pexels.com/photos/159299/graphic-design-studio-tracfone-programming-html-159299.jpeg
B0845QFDVM,https://images.pexels.com/photos/326505/pexels-photo-326505.jpeg
B08CYCF12P,https://images.pexels.com/photos/3315303/pexels-photo-3315303.jpeg
B093F8589L,https://images.pexels.com/photos/5833747/pexels-photo-5833747.jpeg
B09NF49CDZ,https://images.pexels.com/photos/7491599/pexels-photo-7491599.jpeg
B09BJVZVTB,https://images.pexels.com/photos/5833747/pexels-photo-5833747.jpeg
B0DBBD6LB3,https://images.pexels.com/photos/17112932/pexels-photo-17112932.jpeg
B08JHGH42Y,https://images.pexels.com/photos/777001/pexels-photo-777001.jpeg
B0918QXTGN,https://images.pexels.com/photos/37848030/pexels-photo-37848030.jpeg
B078HWBGH5,https://images.pexels.com/photos/159299/graphic-design-studio-tracfone-programming-html-159299.jpeg
B09C2TD9T4,https://images.pexels.com/photos/115655/pexels-photo-115655.jpeg
B0BVXYJXK7,https://images.pexels.com/photos/37848030/pexels-photo-37848030.jpeg
B0D2PHW5Y8,https://images.pexels.com/photos/7858742/pexels-photo-7858742.jpeg
B0B3FVVL34,https://images.pexels.com/photos/5833747/pexels-photo-5833747.jpeg
B0BZT3SLWV,https://images.pexels.com/photos/8100064/pexels-photo-8100064.jpeg
B09NF2472W,https://images.pexels.com/photos/12509206/pexels-photo-12509206.jpeg
B07WQBC96R,https://images.pexels.com/photos/5833747/pexels-photo-5833747.jpeg
B09XT25M8M,https://images.pexels.com/photos/1714202/pexels-photo-1714202.jpeg
B0CV7C55WQ,https://images.pexels.com/photos/115655/pexels-photo-115655.jpeg
B0CV7JTKMK,https://images.pexels.com/photos/8100064/pexels-photo-8100064.jpeg
B0CV7C5TH6,https://images.pexels.com/photos/8100064/pexels-photo-8100064.jpeg
B0CQ12J5PP,https://images.pexels.com/photos/29249664/pexels-photo-29249664.jpeg
B0CLFNQCBT,https://images.pexels.com/photos/5833747/pexels-photo-5833747.jpeg
B0B8KVCZZH,https://images.pexels.com/photos/37848030/pexels-photo-37848030.jpeg
B0DHSM1CNZ,https://images.pexels.com/photos/8100064/pexels-photo-8100064.jpeg
B0BVD9YKZM,https://images.pexels.com/photos/1714202/pexels-photo-1714202.jpeg
B0CV75WYTB,https://images.pexels.com/photos/5833752/pexels-photo-5833752.jpeg
B08GSVTCLX,https://images.pexels.com/photos/8100064/pexels-photo-8100064.jpeg
B09JL4W5CQ,https://images.pexels.com/photos/7858742/pexels-photo-7858742.jpeg
B08TX5BB1N,https://images.pexels.com/photos/7858742/pexels-photo-7858742.jpeg
B08TX62PLQ,https://images.pexels.com/photos/1714202/pexels-photo-1714202.jpeg
B0D44QFCPQ,https://images.pexels.com/photos/3747070/pexels-photo-3747070.jpeg
B0CP7XRW9S,https://images.pexels.com/photos/265144/pexels-photo-265144.jpeg
B0CYKMFN6R,https://images.pexels.com/photos/20432893/pexels-photo-20432893.jpeg
B0BNWWF32B,https://images.pexels.com/photos/15940010/pexels-photo-15940010.jpeg
B093GCL18V,https://images.pexels.com/photos/10655906/pexels-photo-10655906.jpeg
B0DCZCNHWP,https://images.pexels.com/photos/11129922/pexels-photo-11129922.jpeg
B0CFKLK9JY,https://images.pexels.com/photos/5793947/pexels-photo-5793947.jpeg
B0C77WJ6F5,https://images.pexels.com/photos/10655906/pexels-photo-10655906.jpeg
B0CD3WJXWH,https://images.pexels.com/photos/7241679/pexels-photo-7241679.jpeg
B088TLQR3K,https://images.pexels.com/photos/10655906/pexels-photo-10655906.jpeg
B0D3HV3DM4,https://images.pexels.com/photos/6893890/pexels-photo-6893890.jpeg
B0BKKLV9HY,https://images.pexels.com/photos/7241679/pexels-photo-7241679.jpeg
B0DCYBR34X,https://images.pexels.com/photos/29249664/pexels-photo-29249664.jpeg
B0BC9W3HS5,https://images.pexels.com/photos/326505/pexels-photo-326505.jpeg
B0B5GRGCX5,https://images.pexels.com/photos/7491599/pexels-photo-7491599.jpeg
B0CH9XW8RK,https://images.pexels.com/photos/8532766/pexels-photo-8532766.jpeg
B0CY896H5G,https://images.pexels.com/photos/20432893/pexels-photo-20432893.jpeg
B0966YYP65,https://images.pexels.com/photos/265144/pexels-photo-265144.jpeg
